fellow,year,category,title,link
Konstantinos Kritos,2026,Compact Objects and Accretion,Unveiling the mystery of massive black hole seeds through gravitational and electromagnetic waves,https://drive.google.com/file/d/1sEElvNIvgUgDpVb8bMnPImzSaQmKBD8a
Jared Goldberg,2026,Stellar Physics,"Massive stars, Inside and Out: Bridging 1D and 3D models of Stars and Supernovae",https://drive.google.com/file/d/10nfSM8IAOzle-vHPzt0CWRWsnOnlcGdo
Nicholas Rui,2025,Stellar Physics,A seismic atlas of the stellar merger sky,https://drive.google.com/file/d/17VsxMDhpDdEFs1QKKjo-TA5g1VpvLSb2
Lindsey Kwok,2025,Stellar Physics,Determining the Astrophysical Origins of White-Dwarf Supernovae with JWST Infrared Spectroscopy,https://drive.google.com/file/d/1G6zKNxKBe550FU6R04_WQdQvOK7QkBr8
Kenzie Nimmo,2025,Compact Objects and Accretion,From Glimmering Jewels to Cosmic Ubiquity: Unraveling the Origins of FRBs,https://drive.google.com/file/d/1TJxt2Hf5P8wrvQaV-usf9jOvCrPPEy-Y
Jaren Ashcraft,2024,Exoplanets and Habitability,Optimizing The Vector Field For Next-Generation Astrophysics,https://drive.google.com/file/d/17cLV9D4Ei1blB-YvwPbYEmXToUvzMQUl
Andrew Saydjari,2024,The Milky Way and Resolved Stellar Populations,Inferring Kinematic and Chemical Maps of Galactic Dust,https://drive.google.com/file/d/1RyzZ5nH2HCjOkuSrZZHe1axwe2QdFjDn
Adam Smercina,2024,The Milky Way and Resolved Stellar Populations,A Portrait of the Triangulum: Advancing a New Frontier of Galaxy Evolution with Resolved Stars,https://drive.google.com/file/d/1kSwpYi9g6uLBIaj9ns0Z6C_r2KAAN2Kd
Sylvia Biscoveanu,2023,Gravitational Wave Astrophysics,From black holes to the Big Bang: astrophysics and cosmology with gravitational waves and their electromagnetic counterparts,https://drive.google.com/file/d/1KNcxKqXMmxrIUjLMbdBCTcd0bq5X95k4
Maggie Thompson,2023,Exoplanets and Habitability,To Explore Strange New Worlds: Connecting the Interiors and Atmospheres of Rocky Exoplanets,https://drive.google.com/file/d/1wfBQR3gzi7b6v7EccH1OgP7ojIAMVRDo
Justin Pierel,2023,Physics and Cosmology,Leveraging HST for a New Era of Precision NIR SN Ia Cosmology,https://drive.google.com/file/d/1J2EPCPlKGDGqQz0Gd4skq48bDjNzp_SQ
Adina Feinstein,2023,Exoplanets and Habitability,The Evolution of Young Exoplanet Atmospheres in the Presence of Extreme Stellar Activity,https://drive.google.com/file/d/1xzn8S2KXesOKA-ftGXkWxOXHqYZu3trJ
Sultan Hassan,2022,Galaxies and the Intergalactic Medium,Illuminating the Primeval Universe with Lyman$\alpha$,https://drive.google.com/file/d/1smixmBAokVM_EHQjHf70K0_HJ7qaad2K
Joel Ong,2022,Stellar Physics,Constraining Post-main-sequence Angular Momentum Evolution with Mixed-mode Asteroseismology,https://drive.google.com/file/d/1EXujDZTr4OjB-XE8V4Sy357TEhIwYy7N
Dávid Guszejnov,2022,Stellar Physics,The Role of Physical Processes and the Environment in Star Formation,https://drive.google.com/file/d/1QKKjHriEDINC0_Th8TNDE3w4yqe5MZhc
Pradip Gatkine,2021,Galaxies and the Intergalactic Medium,Probing the CGM-galaxy connection using Multi-object Spectroscopy and Astrophotonics,https://drive.google.com/file/d/1tEWJbyXvIgvvkST1puhWhsqfHq_9pWvT
Michael Grudić,2021,Stellar Physics,Star-Formation Physics from Cosmos to Cores,https://drive.google.com/file/d/1MYRomMHc1tNckCbuLEWLwzkcQ9QfUVGW
Megan Mansfield,2021,Exoplanets and Habitability,Atmospheres as Windows to the Diversity of Extrasolar Planets,https://drive.google.com/file/d/1xQZX9OZMF-NMfqbc_aYqV46QLrBst9lS
Anowar Shajib,2021,Galaxies and the Intergalactic Medium,Internal Structure of Massive Elliptical Galaxies: The Missing Piece at the Intersection of Astrophysics and Cosmology,https://drive.google.com/file/d/1tEWJbyXvIgvvkST1puhWhsqfHq_9pWvT
Siyao Xu,2020,Physics and Cosmology,Cosmic Ray Diffusion in the Multi-phase Interstellar Medium,https://drive.google.com/file/d/1RrGzixTjqBJ0-8lkVMRQLJCKVDMxBJ6K
Sarah Millholland,2020,Exoplanet Formation and Protoplanetary Disks,Formation and Dynamics of Short-Period Exoplanetary Systems,https://drive.google.com/file/d/1yAzT-mOl4NglPmNLqMMBYPaOvCVN2BDl
Peter Gao,2020,Exoplanets and Habitability,The Role of Aerosols in the Formation and Early Evolution of Giant Planets,https://drive.google.com/file/d/1nHikyqzaaEsQLfrHJBKEkErLy6mT40lp
Michael Zevin,2020,Gravitational Wave Astrophysics,Deciphering the Biography of Massive Stars: Compact Object Mergers as a Rosetta Stone,https://drive.google.com/file/d/1wNNuztYR_ai5swfw_8Yuf19YrPo5oHhY
Kevin Wagner,2020,Exoplanets and Habitability,A New Era of Exoplanet Imaging Mid-Infrared Exploration of the Habitable Zones of Nearby Stars,https://drive.google.com/file/d/1-sTiJaWwR5442nqab2vukt6e7Huw-o0W
David Martin,2020,Exoplanets and Habitability,"Two Projects with Circumbinary Planets—Using the Planets to Solve Super-Earth Formation, and the Binaries to Empirically Constrain M-dwarfs",https://drive.google.com/file/d/1TD8yjopoE3iK1ff9xThxgoZvTmL1lQ7h
David Jones,2020,Physics and Cosmology,Supernova Cosmology in the Era of Cosmological Tensions,https://drive.google.com/file/d/1QqRXXcp31_3UtIAbWeLgSSQMumF2pXaB
Arpita Roy,2020,Exoplanets and Habitability,Of Worlds to Come: Delivering On the Promise of Extreme Precision Spectroscopy for Exoplanets,https://drive.google.com/file/d/1wvxDh-bJPTeYjq8-T2gg-HYmrz29kJYq
Yao-Yuan Mao,2019,Physics and Cosmology,The Galaxy–Halo Connection: Probing the Dark Universe with Galaxies,https://drive.google.com/file/d/1DuyrI9rqgGF3xKn6rFFcmPm_-dlGKhrt
Georgia Panopoulou,2019,The Milky Way and Resolved Stellar Populations,A unique approach to the determination of the Galactic magnetic field using starlight and synchrotron polarization observations,https://drive.google.com/file/d/1egOEudfDEbzAxJ-ay_ZsHcS9z7FbNPRU
Dillon Brout,2019,Physics and Cosmology,Improving Cosmological Constraints with the Dark Energy Survey Supernova Program and a Decade of Type Ia Supernovae,https://drive.google.com/file/d/1BEYxHYRcymzYtqTHPFbsx_3ISMoydbD-
Coral Wheeler,2019,The Milky Way and Resolved Stellar Populations,Ultra-High Resolution Simulations of the Milky Way and its Satellites,https://drive.google.com/file/d/1m7f3OGy9Zzfki8ncGTb40NOZpW6E-Ds7
Christopher Theissen,2019,Exoplanets and Habitability,Planetary Collisions around Low-Mass Stars: Constraining the Timescale for Collisions and Testing the Origin of the Kepler Dichotomy,https://drive.google.com/file/d/1HZK1Z_Jst2jYnsMp5jCMqJ-OiqwRPqVF
Jamie Tayar,2018,Stellar Physics,"Subgiants: Models, Rotation, Convection, and Planets",https://drive.google.com/file/d/1mV753AOZd5JFaMtIPt-_qd0Ypz5jtnYl
Charlotte Mason,2018,Galaxies and the Intergalactic Medium,Revolutionizing Reionization with JWST,https://drive.google.com/file/d/1HGfO76nCuit4wATuduAX3KldSnyrRSlD
Benedikt Diemer,2018,Galaxies and the Intergalactic Medium,Mapping the true boundary of dark matter halos with the splashback radius,https://drive.google.com/file/d/1U8oSXx2H0kT4Z1kLyJlb0R7ZxQXPZDi4
Siyao Xu,2017,Physics and Cosmology,The Role of Neutral‐ion Coupling in Star Formation,https://drive.google.com/file/d/1-YpBoN9dQOMFFJwpZtTav61ybiYuRHh4
Raphaelle Haywood,2017,Exoplanets and Habitability,Breaking the Ultimate Barrier to Characterizing Other Earths,https://drive.google.com/file/d/1HuZ9owZD_sX2wMFalgeDGYZ43ZcsAMBO
Johanna Teske,2017,Exoplanets and Habitability,Characterizing the Diversity of Small Planet Compositions via Planet Densities and Host Star Abundances,https://drive.google.com/file/d/1WUxSDLP-mhOUfEnQa_xG3RN3N-sT8DV_
Brett McGuire,2017,The Milky Way and Resolved Stellar Populations,Getting Away from One-Pot Syntheses: Heterogeneity in Molecular Evolution Revealed with ALMA,https://drive.google.com/file/d/17TvwAAIp9WL5MZ8u8ktWjMNkHznUZFj-
Andrew Vanderburg,2017,Exoplanets and Habitability,The Galactic Distribution of Exoplanets,https://drive.google.com/file/d/10GZUQiF-VH2jQNaYrK8njkr81SpmuacF
Sean Johnson,2016,Galaxies and the Intergalactic Medium,Unveiling the relationship between AGN and the CGM: feeding and feedback,https://drive.google.com/file/d/14Xe8qsSMcrD-BGgVVzdwrpflZoijlAUg
Lia Corrales,2016,The Milky Way and Resolved Stellar Populations,Bringing the Galactic Center into focus with dust scattering,https://drive.google.com/file/d/10pmYYRgQKd-p8FoCZ193WKD2GJufPk2g
Kate Follette,2016,Exoplanet Formation and Protoplanetary Disks,Finding and Characterizing Forming Protoplanets with Next Generation Adaptive Optics Systems,https://drive.google.com/file/d/1AlRewpXt4CeDQD69kz_nWPmAW8128Two
Josiah Schwab,2016,Stellar Physics,The Stellar Remnants of Double White Dwarf Mergers,https://drive.google.com/file/d/11wTSo1WyZtQoxMbWyvO4UW7lOHx8JoS3
Diana Dragomir,2016,Exoplanets and Habitability,Characterizing Small Planets Around Bright Stars,https://drive.google.com/file/d/1WM4-jxqc9xHUyr5JHqRnqIIJGv3VpmiP
Tyler Robinson,2015,Exoplanets and Habitability,Bridging the Theory Gap: Developing a Novel Cloud Model for Exoplanets,https://drive.google.com/file/d/1SZXw7_ZVWqNAcVEN19sq6uxlU-zIFq0h
Peter Behroozi,2015,Galaxies and the Intergalactic Medium,Uncovering Connections between Galaxy and Dark Matter Halo Assembly Histories,https://drive.google.com/file/d/1rksTYMcfgWf-qqUNRE7h3rLaVE0jgnz-
Daniel Foreman-Mackey,2015,Exoplanets and Habitability,(unspecified title),https://drive.google.com/file/d/1bxmVmvv0a8HahzUeXKFI1hiWiaspnDyr
Brooke Simmons,2015,Galaxies and the Intergalactic Medium,Illuminating the Black Hole-Galaxy Connection,https://drive.google.com/file/d/1JAuhjgeN603J-SoVxhl5lj5spp6BSV9E
Adrian Liu,2015,Physics and Cosmology,From a Detection to Astrophysics in 21 cm Cosmology,https://drive.google.com/file/d/1Kuff9sluM2t5PHVXy6pbPGzl54gHrfXO
Matteo Brogi,2014,Exoplanets and Habitability,Pushing forward the frontiers of exoplanet characterization,https://drive.google.com/file/d/1RuFsWBhPb0Yn494Njxij70usH-u0E8Kd
James Owen,2014,Exoplanet Formation and Protoplanetary Disks,Formation and evolution of exoplanets,https://drive.google.com/file/d/1Q-tF7U8V7HbaL6Z5CRu3n5xoykcM2UDv
Ian Crossfield,2014,Exoplanets and Habitability,Spectroscopy and Cartography of Cool Extrasolar Atmospheres,https://drive.google.com/file/d/1RPu9pZUYwmldkKtIr82xwCGm4nDngRRZ
Grant Tremblay,2014,Compact Objects and Accretion,Unifying Chandra with ALMA: Star Formation amid Kinematic Black Hole Feedback,https://drive.google.com/file/d/1iEiuT5T2pJUCSbnL81C8xgxdYRa69Piq
Francois Foucart,2014,Gravitational Wave Astrophysics,Simulating compact binary mergers for multi-messenger astronomy,https://drive.google.com/file/d/1PCyva3eoYnnruvbaz3oChgW5iKK-SPxH
Krzysztof Nalewajko,2013,Compact Objects and Accretion,Understanding Gamma-Ray Flares of Blazars,https://drive.google.com/file/d/1CMafAR3aqvhk-a-gcIj-pSfccS-nfGMW
Jonathan Trump,2013,Galaxies and the Intergalactic Medium,The Physics Behind Galaxy / Black Hole Coevolution,https://drive.google.com/file/d/1jIuiZXPbVIe9tuTEZ9wbkzyNC0GIb8so
Laura Blecha,2012,Galaxies and the Intergalactic Medium,Seeking the Origins of Single and Double Active Black Holes,https://drive.google.com/file/d/13OIY99fhRZXRSEH-aTOPlaSRMaULFkdq
Julie Hlavacek-Larrondo,2012,Galaxies and the Intergalactic Medium,Unravelling AGN feedback: from isolated elliptical galaxies to massive clusters of galaxies,https://drive.google.com/file/d/1kSfXVMUDjs4P31q4S0WN9_kij1YXHxK0
Ann-Marie Madigan,2012,Stellar Physics,The dynamics of stars in disks around massive black holes,https://drive.google.com/file/d/1UGJ9MB6dhMq0nAIt7QSX-ZOVvQQFgHe0
Steven Finkelstein,2011,Galaxies and the Intergalactic Medium,Measuring the Evolution of Galaxy Physical Properties from z = 2 – 8,https://drive.google.com/file/d/1AI0TikfSTi16nCZwpYuQczCV750_DVcQ
Nathalie Degenaar,2011,Compact Objects and Accretion,Probing extremes of binary evolution using subluminous X-ray binaries,https://drive.google.com/file/d/1W2OcrJJFBUSGteu6c6ljrnuPo_L_CInL
Ken Shen,2011,Compact Objects and Accretion,Theoretical Investigations of Type Ia Supernova Progenitors,https://drive.google.com/file/d/1Jrc_Qlb_oPkkptVq-064bB8b_R5A3EsM
John Tobin,2011,Exoplanet Formation and Protoplanetary Disks,The Formation and Structure of Proto-Planetary Disks Around the Youngest Protostars,https://drive.google.com/file/d/1zLla197RkQrxE6GhrP5beiZtdLfcSc24
David Kipping,2011,Exoplanets and Habitability,A Search for Exomoons,https://drive.google.com/file/d/16UsT5m5sxqUHtB7uHjqz0KMHIJct8S1g
Tony Mroczkowski,2010,Galaxies and the Intergalactic Medium,Revealing Cluster Astrophysics and Evolution with MUSTANG,https://drive.google.com/file/d/1opmYxPL_02xS0YJt6gTpCnTRfe6q_Bj5
Nicolas Yunes,2010,Physics and Cosmology,Exploiting Gravitational Wave Observations: Modeling of Extreme-Mass Ratio Inspirals and Tests of Fundamental Physics,https://drive.google.com/file/d/1BnlQto6RYos6ZgqtU5ku3ORZWVY2Jc6C
Emily Rauscher,2010,Exoplanets and Habitability,(unspecified title),https://drive.google.com/file/d/1tKJ5LYgYUsZocxVqRkqJBkkmNnqPYddq
Daniel Fabrycky,2010,Exoplanets and Habitability,Dynamical Architecture of Planetary Systems,https://drive.google.com/file/d/1wXS9TyAJaQmGHvXqcTp8S9-vVjj374E5
Tabetha Boyajian,2009,Stellar Physics,The Angular Diameters and Physical Properties of Low-Mass Stars,https://drive.google.com/file/d/18JlfX-JirIE0ISaztdT48d7Fz9r-6Bwl
Shelley Wright,2009,Galaxies and the Intergalactic Medium,"Galactic Disk Formation, AGN, and Metallicity in the Early Universe: Spatially Resolved Spectroscopy of High-Redshift Galaxies",https://drive.google.com/file/d/1QiHvjYDGBTSUIRGD93tcTx1B25dj4UV1
Kristian Finlator,2009,Galaxies and the Intergalactic Medium,Radiative Hydrodynamic Simulations of Galaxies in the Reionization Epoch,https://drive.google.com/file/d/1DskjMMp3YLMSXJRp9d6gqRmcindocOUG
John Wise,2009,Galaxies and the Intergalactic Medium,Ab Initio Dwarf Galaxy Formation – Predictions for JWST and ALMA,https://drive.google.com/file/d/1QiHvjYDGBTSUIRGD93tcTx1B25dj4UV1
Eliza Kempton,2009,Exoplanets and Habitability,(unspecified title),https://drive.google.com/file/d/10T1C-bEEEL5ULCYt8F0U8PlZ2B4aY9Ak
Kelle Cruz,2007,Stellar Physics,"Nearby, Young Brown Dwarfs: A Comprehensive Study",https://drive.google.com/file/d/1PU6tOSG_ESV-xf6Q-qGNFgQDWAd_puw5
Daniel Fabrycky,2007,Exoplanets and Habitability,Dynamical detection and migration of multiple-body planetary systems,https://drive.google.com/file/d/1THT-mosRL0dBkh1FaB3VLK80WcbsNyvT
Rachel Mandelbaum,2006,Physics and Cosmology,Understanding the universe with weak lensing,https://drive.google.com/file/d/18MOQM6NRu4qphe6BjbNfeGBMgCKXaNaU
Mark Krumholz,2005,Stellar Physics,Star Formation Efficiency and the Life Cycle of Molecular Clouds,https://drive.google.com/file/d/1uBvafigUDpqwqkCKC0kuWxbl6z48GKEa
Jeremy Darling,2005,Galaxies and the Intergalactic Medium,The Evolution of Neutral Gas from the Epoch of Reionization to the Present,https://drive.google.com/file/d/1uFP0yDQ9md4dbUdBYT-Oi0fOo-ZYnIjA
Sean Brittain,2004,Exoplanet Formation and Protoplanetary Disks,(unspecified title),https://drive.google.com/file/d/1QrFxUfK0FWH1IV3DjENc6i_avzdkm4zj
Hiranya Peiris,2004,Physics and Cosmology,Constraining Fundamental Physics Using the Cosmic Microwave Background and Complementary Data,https://drive.google.com/file/d/1tSw5H5mC2xk7UR2yOUM6HJrFEk6-MhX5
Marla Geha,2003,Galaxies and the Intergalactic Medium,The Nature and Origin of Dwarf Elliptical Galaxies,https://drive.google.com/file/d/1W-KvLLZpbmIPHvdoGAm4t66vmx_s53-s
Jeffrey Newman,2003,Galaxies and the Intergalactic Medium,(unspecified title),https://drive.google.com/file/d/1REkzfxTSFsIYHXccSlZGvi4DvVKnrT_p
Jason Aufdenberg,2003,Stellar Physics,21st Century Interferometry of Hot Star Photospheres,https://drive.google.com/file/d/1BSKiB6s5E-cXAwlOfEQTrBPL1Ii1uF-K
Martin Bureau,2001,Galaxies and the Intergalactic Medium,Galactic Dynamics Over 4 Orders of Magnitude in Radii,https://drive.google.com/file/d/14JCOnUGCkW4ZO0yPQcyy6w7AhP8CM0Ph
Keivan Stassun,2001,Stellar Physics,Observational Tests of Pre-Main-Sequence Stellar Evolution Theory,https://drive.google.com/file/d/1x8CN9ABIrHgSRXrijsE_AvgaYEm4HEhZ
Andrew Hopkins,2001,Galaxies and the Intergalactic Medium,Evolution of star-forming galaxies spanning $0<z\lesssim2$,https://drive.google.com/file/d/1vyjWUQhaVN4IqDWSypMWW5zjPXnlK6PU
Jeremy Heyl,2000,Compact Objects and Accretion,Probing the Physics of Neutron Stars Through Observations of their Atmospheres,https://drive.google.com/file/d/1ojUDZIWetWdu0l7CbpNjrAjX4bG9eCjP
Chris Reynolds,1998,Compact Objects and Accretion,The Central Engines and Immediate Environments of Active Galactic Nuclei,https://drive.google.com/file/d/147szFbbjAmaBSk58s2sIJZd_ggRGI_fJ
Bryan Gaensler,1998,Compact Objects and Accretion,Born with a Band: Neutron Stars and their Origins,https://drive.google.com/file/d/16j_vtYWqF-p_aO0yeCE98_AnBTRVRzff
James Lowenthal,1993,Galaxies and the Intergalactic Medium,Starburst Galaxies at $z<1$,https://drive.google.com/file/d/1tUVYJVFndyPUkIXPU5bWtmKUdrvKHnEF
